context,anchor,relation,query,k,positive,id,ours,random,mpnet_zero,sciIE,gpt-4o
"Fine-tuning large language models can be challenging, and existing methods may not effectively improve alignment without additional training. There is a need for compute-efficient strategies that enhance model performance while addressing the limitations of traditional tuning approaches.",framing the alignment of a large language model as a test-time greedy search,inspiration,"Background: Fine-tuning large language models can be challenging, and existing methods may not effectively improve alignment without additional training. There is a need for compute-efficient strategies that enhance model performance while addressing the limitations of traditional tuning approaches.
Contribution: 'framing the alignment of a large language model as a test-time greedy search' inspired by ",1,a test-time greedy search to maximize the log-likelihood difference between small tuned and untuned models while sampling from the frozen large model,1-34631_8f6623a5-628d-497b-9711-1056984a074f,a test-time greedy search to maximize the log-likelihood difference between small tuned and untuned models while sampling from the frozen large model,an array of force sensors that act as a tactile layer,alignment in tuning large language models,fine-tuned large language models (LLMs),Monte Carlo Tree Search
"Fine-tuning large language models can be challenging, and existing methods may not effectively improve alignment without additional training. There is a need for compute-efficient strategies that enhance model performance while addressing the limitations of traditional tuning approaches.",framing the alignment of a large language model as a test-time greedy search,inspiration,"Background: Fine-tuning large language models can be challenging, and existing methods may not effectively improve alignment without additional training. There is a need for compute-efficient strategies that enhance model performance while addressing the limitations of traditional tuning approaches.
Contribution: 'framing the alignment of a large language model as a test-time greedy search' inspired by ",2,a test-time greedy search to maximize the log-likelihood difference between small tuned and untuned models while sampling from the frozen large model,2-34631_8f6623a5-628d-497b-9711-1056984a074f,greedy search,the hemodynamic response function,recent advances in efficiently tuning large language models,fine-tuned language models,Monte Carlo Tree Search
"Traditional belief revision frameworks often fail to account for human cognitive patterns, as they rely on formal principles that may not reflect actual human reasoning. This gap highlights the need for a framework that aligns belief revision dynamics with the explanatory understanding that people seek when resolving inconsistencies.",Traditional belief revision frameworks,inspiration,"Background: Traditional belief revision frameworks often fail to account for human cognitive patterns, as they rely on formal principles that may not reflect actual human reasoning. This gap highlights the need for a framework that aligns belief revision dynamics with the explanatory understanding that people seek when resolving inconsistencies.
Contribution: 'Traditional belief revision frameworks' inspired by ",1,recent advances in human cognition,1-25793_a8506d4a-b564-45b5-b71c-7023e6fbbc4e,argumentation frameworks,the techniques of dialogue system,a dataset to test language models' (language models) belief revision ability when presented with new evidence,Human-Aware Belief Revision,AGM theory
"Traditional belief revision frameworks often fail to account for human cognitive patterns, as they rely on formal principles that may not reflect actual human reasoning. This gap highlights the need for a framework that aligns belief revision dynamics with the explanatory understanding that people seek when resolving inconsistencies.",Traditional belief revision frameworks,inspiration,"Background: Traditional belief revision frameworks often fail to account for human cognitive patterns, as they rely on formal principles that may not reflect actual human reasoning. This gap highlights the need for a framework that aligns belief revision dynamics with the explanatory understanding that people seek when resolving inconsistencies.
Contribution: 'Traditional belief revision frameworks' inspired by ",2,recent advances in human cognition,2-25793_a8506d4a-b564-45b5-b71c-7023e6fbbc4e,"a specific Artificial Intelligence model, the Non-Axiomatic Reasoning System",2D Gaussians,Belief Change,high-level beliefs,AGM theory
"Understanding the human brain's processing capabilities can inspire advancements in machine learning algorithms and architectures. Previous methods in brain research were limited to identifying regions of interest for one subject at a time, restricting their applicability and scalability across multiple subjects.",a highly efficient processing unit,inspiration,"Background: Understanding the human brain's processing capabilities can inspire advancements in machine learning algorithms and architectures. Previous methods in brain research were limited to identifying regions of interest for one subject at a time, restricting their applicability and scalability across multiple subjects.
Contribution: 'a highly efficient processing unit' inspired by ",1,the human brain,1-9539_b7adddd2-a097-4d59-930b-1136a3ee5ace,brain-like information processing,symbolic,brain-like information processing,brain prediction,neuronal communication networks
"Understanding the human brain's processing capabilities can inspire advancements in machine learning algorithms and architectures. Previous methods in brain research were limited to identifying regions of interest for one subject at a time, restricting their applicability and scalability across multiple subjects.",a highly efficient processing unit,inspiration,"Background: Understanding the human brain's processing capabilities can inspire advancements in machine learning algorithms and architectures. Previous methods in brain research were limited to identifying regions of interest for one subject at a time, restricting their applicability and scalability across multiple subjects.
Contribution: 'a highly efficient processing unit' inspired by ",2,the human brain,2-9539_b7adddd2-a097-4d59-930b-1136a3ee5ace,the way the human brain codes and processes information,learning to plan from demonstrations,recent advances in computational neuroscience,brain-like features,neuronal communication networks
"Current Dynamic Facial Expression Recognition methods often overlook the influence of scene context, focusing solely on facial information and leading to discrepancies between human annotators' emotional understanding and model outputs. This limitation highlights the need for approaches that better integrate environmental cues and body language to align with human cognitive processes in emotion recognition.",Dynamic Facial Expression Recognition,inspiration,"Background: Current Dynamic Facial Expression Recognition methods often overlook the influence of scene context, focusing solely on facial information and leading to discrepancies between human annotators' emotional understanding and model outputs. This limitation highlights the need for approaches that better integrate environmental cues and body language to align with human cognitive processes in emotion recognition.
Contribution: 'Dynamic Facial Expression Recognition' inspired by ",1,the human cognitive paradigm of emotions,1-37558_d5d3b232-6290-4793-aa81-e5bbaa631151,"For instance, multi-modal emotional context (such as voice color, affective text, body pose, etc.) can prompt people to perceive emotional expressions in objectively neutral faces",causal,dynamic facial expression recognition data,highly dynamic and subtle facial expressions,multimodal learning
"Current Dynamic Facial Expression Recognition methods often overlook the influence of scene context, focusing solely on facial information and leading to discrepancies between human annotators' emotional understanding and model outputs. This limitation highlights the need for approaches that better integrate environmental cues and body language to align with human cognitive processes in emotion recognition.",Dynamic Facial Expression Recognition,inspiration,"Background: Current Dynamic Facial Expression Recognition methods often overlook the influence of scene context, focusing solely on facial information and leading to discrepancies between human annotators' emotional understanding and model outputs. This limitation highlights the need for approaches that better integrate environmental cues and body language to align with human cognitive processes in emotion recognition.
Contribution: 'Dynamic Facial Expression Recognition' inspired by ",2,the human cognitive paradigm of emotions,2-37558_d5d3b232-6290-4793-aa81-e5bbaa631151,Multimodal emotion recognition in conversation and multimodal emotion-cause pair extraction (multimodal emotion-cause pair extraction),Visual Prompt Tuning techniques,"Facial expression perception in humans inherently relies on prior knowledge and contextual cues, contributing to efficient and flexible processing","facial expressions, with environment states",multimodal learning
Previous Vision-Language Navigation agents struggle with accurate modality alignment in unexplored scenes due to limited navigation data and insufficient open-world alignment knowledge. This highlights a need for improved methods that can effectively discover and utilize landmarks in diverse visual observations to enhance navigation performance.,Vision-Language Navigation,inspiration,"Background: Previous Vision-Language Navigation agents struggle with accurate modality alignment in unexplored scenes due to limited navigation data and insufficient open-world alignment knowledge. This highlights a need for improved methods that can effectively discover and utilize landmarks in diverse visual observations to enhance navigation performance.
Contribution: 'Vision-Language Navigation' inspired by ",1,an open-world sequential landmark discovery problem,1-11627_3e7cc406-00fd-46d3-a8b6-c3d7e31071bb,training vision-and-language navigation agents,super-resolution,Vision-Language Navigation agents,Vision-language navigation (VLN),cognitive mapping in animals
Previous Vision-Language Navigation agents struggle with accurate modality alignment in unexplored scenes due to limited navigation data and insufficient open-world alignment knowledge. This highlights a need for improved methods that can effectively discover and utilize landmarks in diverse visual observations to enhance navigation performance.,Vision-Language Navigation,inspiration,"Background: Previous Vision-Language Navigation agents struggle with accurate modality alignment in unexplored scenes due to limited navigation data and insufficient open-world alignment knowledge. This highlights a need for improved methods that can effectively discover and utilize landmarks in diverse visual observations to enhance navigation performance.
Contribution: 'Vision-Language Navigation' inspired by ",2,an open-world sequential landmark discovery problem,2-11627_3e7cc406-00fd-46d3-a8b6-c3d7e31071bb,Vision-and-Language Navigation,texture feature at low resolution,training vision-and-language navigation agents,Vision Language Navigation in Continuous Environments (VLN-CE),cognitive mapping in animals
"The study addresses the challenges of local and global consistency in sketch colourisation, as well as the limitations of manual colour assignments and textual prompts. It also highlights the need for a method that balances precision and convenience while being fast and training-free for practical use in creative applications.",a novel approach to sketch colourisation,inspiration,"Background: The study addresses the challenges of local and global consistency in sketch colourisation, as well as the limitations of manual colour assignments and textual prompts. It also highlights the need for a method that balances precision and convenience while being fast and training-free for practical use in creative applications.
Contribution: 'a novel approach to sketch colourisation' inspired by ",1,the universal childhood activity of colouring and its professional applications in design and story-boarding,1-38011_12cd838e-bb23-4975-b589-d8044a7668ec,Crayon Prompt as a new visual prompt tuning scheme based on panoptic color maps,Bootstrapping Language-Image Pre-training,the sketch analysis task,human sketch understanding,neural style transfer
"The study addresses the challenges of local and global consistency in sketch colourisation, as well as the limitations of manual colour assignments and textual prompts. It also highlights the need for a method that balances precision and convenience while being fast and training-free for practical use in creative applications.",a novel approach to sketch colourisation,inspiration,"Background: The study addresses the challenges of local and global consistency in sketch colourisation, as well as the limitations of manual colour assignments and textual prompts. It also highlights the need for a method that balances precision and convenience while being fast and training-free for practical use in creative applications.
Contribution: 'a novel approach to sketch colourisation' inspired by ",2,the universal childhood activity of colouring and its professional applications in design and story-boarding,2-38011_12cd838e-bb23-4975-b589-d8044a7668ec,a new color mapping strategy,retrieval-based adaptation,human sketch understanding,user-directed colourisation,neural style transfer
"Most existing approaches to human motion prediction focus on pose-driven methods and do not consider the influence of the surrounding environment, which is crucial for understanding goal-directed movements. This gap in addressing the contextual factors of human motion highlights the need for improved methodologies that incorporate both historical body motion and current scene contexts.",Inferring 3D human motion,inspiration,"Background: Most existing approaches to human motion prediction focus on pose-driven methods and do not consider the influence of the surrounding environment, which is crucial for understanding goal-directed movements. This gap in addressing the contextual factors of human motion highlights the need for improved methodologies that incorporate both historical body motion and current scene contexts.
Contribution: 'Inferring 3D human motion' inspired by ",1,a multi-condition joint inference problem based on the given historical 3D body motion and the current 3D scene contexts,1-14247_5efd6e39-6d5d-4c63-b71d-c00fbb60734a,a multi-condition joint inference problem based on the given historical 3D body motion and the current 3D scene contexts,Large-vocabulary object detectors,a multi-condition joint inference problem based on the given historical 3D body motion and the current 3D scene contexts,Accurately predicting the 3D human posture,scene-aware neural networks
"Most existing approaches to human motion prediction focus on pose-driven methods and do not consider the influence of the surrounding environment, which is crucial for understanding goal-directed movements. This gap in addressing the contextual factors of human motion highlights the need for improved methodologies that incorporate both historical body motion and current scene contexts.",Inferring 3D human motion,inspiration,"Background: Most existing approaches to human motion prediction focus on pose-driven methods and do not consider the influence of the surrounding environment, which is crucial for understanding goal-directed movements. This gap in addressing the contextual factors of human motion highlights the need for improved methodologies that incorporate both historical body motion and current scene contexts.
Contribution: 'Inferring 3D human motion' inspired by ",2,a multi-condition joint inference problem based on the given historical 3D body motion and the current 3D scene contexts,2-14247_5efd6e39-6d5d-4c63-b71d-c00fbb60734a,the motion prediction task under differentiated scenes,sentences are made of words,a method for human motion forecasting,pedestrian motion prediction datasets,scene-aware neural networks
"The rapid growth of neural network models has resulted in model weights becoming an important yet underutilized data modality, primarily due to their uninterpretable nature and the disorganized state of publicly available models. There is a need to decode the underlying relationships between models, as this information is crucial for applications such as model authorship attribution and could lead to more organized indexing of neural networks.",the origin of models,inspiration,"Background: The rapid growth of neural network models has resulted in model weights becoming an important yet underutilized data modality, primarily due to their uninterpretable nature and the disorganized state of publicly available models. There is a need to decode the underlying relationships between models, as this information is crucial for applications such as model authorship attribution and could lead to more organized indexing of neural networks.
Contribution: 'the origin of models' inspired by ",1,Darwin's tree of life,1-40227_405bd686-3ff4-4f5d-aae5-b6ffb5d04c9c,Darwin's tree of life,sequence information captured by Transformers,neural models,neural models,genetic algorithms
"The rapid growth of neural network models has resulted in model weights becoming an important yet underutilized data modality, primarily due to their uninterpretable nature and the disorganized state of publicly available models. There is a need to decode the underlying relationships between models, as this information is crucial for applications such as model authorship attribution and could lead to more organized indexing of neural networks.",the origin of models,inspiration,"Background: The rapid growth of neural network models has resulted in model weights becoming an important yet underutilized data modality, primarily due to their uninterpretable nature and the disorganized state of publicly available models. There is a need to decode the underlying relationships between models, as this information is crucial for applications such as model authorship attribution and could lead to more organized indexing of neural networks.
Contribution: 'the origin of models' inspired by ",2,Darwin's tree of life,2-40227_405bd686-3ff4-4f5d-aae5-b6ffb5d04c9c,the evolving and expressing process of memes,massive cheap coarse cluster-level labels,neural modeling,neural network models,genetic algorithms
"There is a lack of principled understanding regarding the design of frames in the context of achieving symmetries in neural networks. Existing methods do not fully explore the connection between frames and canonical forms, which limits the ability to compare frame complexity and determine optimality effectively.",neural networks,inspiration,"Background: There is a lack of principled understanding regarding the design of frames in the context of achieving symmetries in neural networks. Existing methods do not fully explore the connection between frames and canonical forms, which limits the ability to compare frame complexity and determine optimality effectively.
Contribution: 'neural networks' inspired by ",1,canonization is a classic approach for attaining invariance by mapping inputs to their canonical forms,1-16943_16b20752-9016-4bda-8f94-041728857304,equivariant neural networks,feature extraction techniques,equivariant neural networks,SIM(3)-equivariant neural network architectures,group theory
"There is a lack of principled understanding regarding the design of frames in the context of achieving symmetries in neural networks. Existing methods do not fully explore the connection between frames and canonical forms, which limits the ability to compare frame complexity and determine optimality effectively.",neural networks,inspiration,"Background: There is a lack of principled understanding regarding the design of frames in the context of achieving symmetries in neural networks. Existing methods do not fully explore the connection between frames and canonical forms, which limits the ability to compare frame complexity and determine optimality effectively.
Contribution: 'neural networks' inspired by ",2,canonization is a classic approach for attaining invariance by mapping inputs to their canonical forms,2-16943_16b20752-9016-4bda-8f94-041728857304,learning invariant or equivariant representations with respect to a set of data transformations,dense geometric labels,learning symmetries directly from the dataset,Siamese neural networks,group theory
"Current multi-modal large language models face challenges in detailed multi-modal understanding, complex task comprehension, and reasoning over multi-modal information. There is a need for improved performance in complex visual reasoning tasks, as existing models have inherent limitations in these areas.",Multi-modal Critical Thinking Agent,inspiration,"Background: Current multi-modal large language models face challenges in detailed multi-modal understanding, complex task comprehension, and reasoning over multi-modal information. There is a need for improved performance in complex visual reasoning tasks, as existing models have inherent limitations in these areas.
Contribution: 'Multi-modal Critical Thinking Agent' inspired by ",1,human cognitive processes and critical thinking,1-30926_9fa60d50-fe7e-4906-92b7-29db52481188,"a neuro-symbolic model, which integrates an large language model like GPT-4 with a visual perception network and a formal logical reasoner, exhibits exceptional performance on CLEVR-POC",the zero-shot transferability of pre-trained vision-language models,the visual-centric reasoning module empowered by Multi-modal Large Language Model,multi-modal critical thinking agent framework,cognitive neuroscience
"Current multi-modal large language models face challenges in detailed multi-modal understanding, complex task comprehension, and reasoning over multi-modal information. There is a need for improved performance in complex visual reasoning tasks, as existing models have inherent limitations in these areas.",Multi-modal Critical Thinking Agent,inspiration,"Background: Current multi-modal large language models face challenges in detailed multi-modal understanding, complex task comprehension, and reasoning over multi-modal information. There is a need for improved performance in complex visual reasoning tasks, as existing models have inherent limitations in these areas.
Contribution: 'Multi-modal Critical Thinking Agent' inspired by ",2,human cognitive processes and critical thinking,2-30926_9fa60d50-fe7e-4906-92b7-29db52481188,a model capable of reasoning over long multi-modal sequences,CNNs for accurate condition injection,recent success of leveraging large language models for visual reasoning,multimodal comprehension,cognitive neuroscience
"The challenge of detecting objects based on human intention in 3D environments is significant, as it requires AI agents to automatically observe and reason about the desired targets without direct human input. This highlights a gap in existing methods, which typically rely on human references to identify objects, indicating a need for advancements in intention-based detection systems.","3D intention grounding, a new task in 3D object detection employing RGB-D, based on human intention, such as ""I want something to support my back""",inspiration,"Background: The challenge of detecting objects based on human intention in 3D environments is significant, as it requires AI agents to automatically observe and reason about the desired targets without direct human input. This highlights a gap in existing methods, which typically rely on human references to identify objects, indicating a need for advancements in intention-based detection systems.
Contribution: '3D intention grounding, a new task in 3D object detection employing RGB-D, based on human intention, such as ""I want something to support my back""' inspired by ",1,"In real-life scenarios, humans seek out objects in the 3D world to fulfill their daily needs or intentions",1-21177_6c08a141-a3b0-4581-b602-81ceb50c15c6,object affordance and subject intention,an important feature preservation algorithm,3D object detectors,3D intention grounding,affordance detection
"The challenge of detecting objects based on human intention in 3D environments is significant, as it requires AI agents to automatically observe and reason about the desired targets without direct human input. This highlights a gap in existing methods, which typically rely on human references to identify objects, indicating a need for advancements in intention-based detection systems.","3D intention grounding, a new task in 3D object detection employing RGB-D, based on human intention, such as ""I want something to support my back""",inspiration,"Background: The challenge of detecting objects based on human intention in 3D environments is significant, as it requires AI agents to automatically observe and reason about the desired targets without direct human input. This highlights a gap in existing methods, which typically rely on human references to identify objects, indicating a need for advancements in intention-based detection systems.
Contribution: '3D intention grounding, a new task in 3D object detection employing RGB-D, based on human intention, such as ""I want something to support my back""' inspired by ",2,"In real-life scenarios, humans seek out objects in the 3D world to fulfill their daily needs or intentions",2-21177_6c08a141-a3b0-4581-b602-81ceb50c15c6,"In real-life scenarios, humans seek out objects in the 3D world to fulfill their daily needs or intentions",Spatial Perturbation Learning,3D object detection,3D object detection,affordance detection
"The challenge in self-supervised learning for vision lies in the strong inductive biases introduced by learning invariant representations, which can lead to fragility in downstream tasks that do not conform to these symmetries. This highlights a need for a more adaptable approach that can learn general representations capable of adjusting to various transformations based on context.",learning invariant or equivariant representations with respect to a set of data transformations,inspiration,"Background: The challenge in self-supervised learning for vision lies in the strong inductive biases introduced by learning invariant representations, which can lead to fragility in downstream tasks that do not conform to these symmetries. This highlights a need for a more adaptable approach that can learn general representations capable of adjusting to various transformations based on context.
Contribution: 'learning invariant or equivariant representations with respect to a set of data transformations' inspired by ",1,"learning a general representation that can adapt to be invariant or equivariant to different transformations by paying attention to context -- a memory module that tracks task-specific states, actions, and future states",1-16539_58b1632f-1177-41c1-95cb-19f6c2474765,"learning a general representation that can adapt to be invariant or equivariant to different transformations by paying attention to context -- a memory module that tracks task-specific states, actions, and future states",structure invariant measure,"learning a general representation that can adapt to be invariant or equivariant to different transformations by paying attention to context -- a memory module that tracks task-specific states, actions, and future states",self-supervised vision representation,group theory
"The challenge in self-supervised learning for vision lies in the strong inductive biases introduced by learning invariant representations, which can lead to fragility in downstream tasks that do not conform to these symmetries. This highlights a need for a more adaptable approach that can learn general representations capable of adjusting to various transformations based on context.",learning invariant or equivariant representations with respect to a set of data transformations,inspiration,"Background: The challenge in self-supervised learning for vision lies in the strong inductive biases introduced by learning invariant representations, which can lead to fragility in downstream tasks that do not conform to these symmetries. This highlights a need for a more adaptable approach that can learn general representations capable of adjusting to various transformations based on context.
Contribution: 'learning invariant or equivariant representations with respect to a set of data transformations' inspired by ",2,"learning a general representation that can adapt to be invariant or equivariant to different transformations by paying attention to context -- a memory module that tracks task-specific states, actions, and future states",2-16539_58b1632f-1177-41c1-95cb-19f6c2474765,equivariant neural networks,analytic policy gradients,equivariant neural networks,invariant feature learning,group theory
"The implicit policy-finding problem remains unresolved in the context of implicit Q-learning, leading to uncertainty about how to recover the implicit policy from the learned implicit Q-function. Existing methods, such as IDQL, have limitations in their applicability, particularly in maintaining optimal value function weights for policy extraction.",the implicit policy-finding problem,inspiration,"Background: The implicit policy-finding problem remains unresolved in the context of implicit Q-learning, leading to uncertainty about how to recover the implicit policy from the learned implicit Q-function. Existing methods, such as IDQL, have limitations in their applicability, particularly in maintaining optimal value function weights for policy extraction.
Contribution: 'the implicit policy-finding problem' inspired by ",1,an optimization problem,1-4849_b1554777-a95b-4fb1-9b06-80fb7db5af03,Q-learning,VLM,Q-learning,soft Q-learning,inverse reinforcement learning
"The implicit policy-finding problem remains unresolved in the context of implicit Q-learning, leading to uncertainty about how to recover the implicit policy from the learned implicit Q-function. Existing methods, such as IDQL, have limitations in their applicability, particularly in maintaining optimal value function weights for policy extraction.",the implicit policy-finding problem,inspiration,"Background: The implicit policy-finding problem remains unresolved in the context of implicit Q-learning, leading to uncertainty about how to recover the implicit policy from the learned implicit Q-function. Existing methods, such as IDQL, have limitations in their applicability, particularly in maintaining optimal value function weights for policy extraction.
Contribution: 'the implicit policy-finding problem' inspired by ",2,an optimization problem,2-4849_b1554777-a95b-4fb1-9b06-80fb7db5af03,deep Q-learning and Greedy coordinate descent,Membership Inference Attacks,analytic policy gradients,policy learning in RL,inverse reinforcement learning
"The increasing demand for dynamic 3D assets in design and gaming applications has highlighted the limitations of previous methods, which often result in defects such as over-saturation and the Janus problem. Additionally, practical challenges like dramatic temporal inconsistency, inter-frame geometry and texture diversity, and semantic defects in video generation results necessitate the development of more effective solutions.",optimize a 4D representation by explicitly generating multi-view videos from one input image,inspiration,"Background: The increasing demand for dynamic 3D assets in design and gaming applications has highlighted the limitations of previous methods, which often result in defects such as over-saturation and the Janus problem. Additionally, practical challenges like dramatic temporal inconsistency, inter-frame geometry and texture diversity, and semantic defects in video generation results necessitate the development of more effective solutions.
Contribution: 'optimize a 4D representation by explicitly generating multi-view videos from one input image' inspired by ",1,recent progress of video diffusion models,1-773_f5e896b6-2f89-473f-ad9b-8c2f166c5e43,a novel multi-view video diffusion model (MV-VDM) conditioned on multi-view renderings of the static 3D object,statistical learning techniques such as bootstrapping,generate high-quality 4D object from a monocular video,data-driven video generation process,neural radiance fields (NeRFs)
"The increasing demand for dynamic 3D assets in design and gaming applications has highlighted the limitations of previous methods, which often result in defects such as over-saturation and the Janus problem. Additionally, practical challenges like dramatic temporal inconsistency, inter-frame geometry and texture diversity, and semantic defects in video generation results necessitate the development of more effective solutions.",optimize a 4D representation by explicitly generating multi-view videos from one input image,inspiration,"Background: The increasing demand for dynamic 3D assets in design and gaming applications has highlighted the limitations of previous methods, which often result in defects such as over-saturation and the Janus problem. Additionally, practical challenges like dramatic temporal inconsistency, inter-frame geometry and texture diversity, and semantic defects in video generation results necessitate the development of more effective solutions.
Contribution: 'optimize a 4D representation by explicitly generating multi-view videos from one input image' inspired by ",2,recent progress of video diffusion models,2-773_f5e896b6-2f89-473f-ad9b-8c2f166c5e43,generate high-quality 4D object from a monocular video,visual commonsense reasoning,4D content creation,depth-conditioned video generation,neural radiance fields (NeRFs)
"The study addresses the need for faster training and lower overall training error in control scenarios, which are critical for improving the performance of Guidance & Control Networks. Additionally, it highlights a gap in understanding the superior performance of sinusoidal representation networks for specific tasks that G&CNETs excel in.",a modified Guidance & Control Networks (Guidance & Control Networks) variant using periodic activation functions in the hidden layers,inspiration,"Background: The study addresses the need for faster training and lower overall training error in control scenarios, which are critical for improving the performance of Guidance & Control Networks. Additionally, it highlights a gap in understanding the superior performance of sinusoidal representation networks for specific tasks that G&CNETs excel in.
Contribution: 'a modified Guidance & Control Networks (Guidance & Control Networks) variant using periodic activation functions in the hidden layers' inspired by ",1,the versatility of sinusoidal representation networks,1-21674_cdf56043-f1af-43ab-955c-e9031e36b45f,the versatility of sinusoidal representation networks,improve collaboration and coordination between a leader agent and the associated autonomous followers,the versatility of sinusoidal representation networks,neural circuit policy controller,SIREN (Sinusoidal Representation Networks)
"The study addresses the need for faster training and lower overall training error in control scenarios, which are critical for improving the performance of Guidance & Control Networks. Additionally, it highlights a gap in understanding the superior performance of sinusoidal representation networks for specific tasks that G&CNETs excel in.",a modified Guidance & Control Networks (Guidance & Control Networks) variant using periodic activation functions in the hidden layers,inspiration,"Background: The study addresses the need for faster training and lower overall training error in control scenarios, which are critical for improving the performance of Guidance & Control Networks. Additionally, it highlights a gap in understanding the superior performance of sinusoidal representation networks for specific tasks that G&CNETs excel in.
Contribution: 'a modified Guidance & Control Networks (Guidance & Control Networks) variant using periodic activation functions in the hidden layers' inspired by ",2,the versatility of sinusoidal representation networks,2-21674_cdf56043-f1af-43ab-955c-e9031e36b45f,the trigonometric sine function with the same period of the square wave as a differentiable surrogate during the backward pass,change-point detection,neural circuit policy controller,controller network training,SIREN (Sinusoidal Representation Networks)
"The research addresses the challenge of enabling modular robots to self-organize and maintain specific morphologies and functions through simple interactions, which is essential for their effective operation in various applications. Additionally, it highlights the need for algorithms that can facilitate the aggregation and movement of these robots while preserving their collective shape and functionality.",Swarm robots,inspiration,"Background: The research addresses the challenge of enabling modular robots to self-organize and maintain specific morphologies and functions through simple interactions, which is essential for their effective operation in various applications. Additionally, it highlights the need for algorithms that can facilitate the aggregation and movement of these robots while preserving their collective shape and functionality.
Contribution: 'Swarm robots' inspired by ",1,the emergence of animal herds,1-37161_757dedc4-9e8d-408f-8827-6fc5da86433b,"the flocking and collective navigation behavior observed in natural swarms, such as cattle herds, bird flocks, and even large groups of humans",an instruction learning problem,robot swarms,swarm robots,ant colonies
"The research addresses the challenge of enabling modular robots to self-organize and maintain specific morphologies and functions through simple interactions, which is essential for their effective operation in various applications. Additionally, it highlights the need for algorithms that can facilitate the aggregation and movement of these robots while preserving their collective shape and functionality.",Swarm robots,inspiration,"Background: The research addresses the challenge of enabling modular robots to self-organize and maintain specific morphologies and functions through simple interactions, which is essential for their effective operation in various applications. Additionally, it highlights the need for algorithms that can facilitate the aggregation and movement of these robots while preserving their collective shape and functionality.
Contribution: 'Swarm robots' inspired by ",2,the emergence of animal herds,2-37161_757dedc4-9e8d-408f-8827-6fc5da86433b,the emergence of animal herds,rich language descriptions,robotic assembly,robot swarms,ant colonies
"The event camera fails to capture object edges that are parallel to the camera motion, which is a problem intrinsic to the sensor and challenging to solve algorithmically. Human vision employs small involuntary eye movements, known as microsaccades, to deal with perceptual fading and maintain texture stability, highlighting a gap in existing event camera technology that this research aims to address.",event cameras,inspiration,"Background: The event camera fails to capture object edges that are parallel to the camera motion, which is a problem intrinsic to the sensor and challenging to solve algorithmically. Human vision employs small involuntary eye movements, known as microsaccades, to deal with perceptual fading and maintain texture stability, highlighting a gap in existing event camera technology that this research aims to address.
Contribution: 'event cameras' inspired by ",1,"Human vision deals with perceptual fading using the active mechanism of small involuntary eye movements, the most prominent ones called microsaccades",1-24657_0face616-d812-4a8f-a144-3578a2669b6c,"Human vision deals with perceptual fading using the active mechanism of small involuntary eye movements, the most prominent ones called microsaccades",enhance the decision rationality of language models,"Event-based cameras are bio-inspired visual sensors that perform well in HDR conditions and have high temporal resolution, and thus provide an interesting alternative in such challenging scenarios",event camera,microsaccades in human vision
"The event camera fails to capture object edges that are parallel to the camera motion, which is a problem intrinsic to the sensor and challenging to solve algorithmically. Human vision employs small involuntary eye movements, known as microsaccades, to deal with perceptual fading and maintain texture stability, highlighting a gap in existing event camera technology that this research aims to address.",event cameras,inspiration,"Background: The event camera fails to capture object edges that are parallel to the camera motion, which is a problem intrinsic to the sensor and challenging to solve algorithmically. Human vision employs small involuntary eye movements, known as microsaccades, to deal with perceptual fading and maintain texture stability, highlighting a gap in existing event camera technology that this research aims to address.
Contribution: 'event cameras' inspired by ",2,"Human vision deals with perceptual fading using the active mechanism of small involuntary eye movements, the most prominent ones called microsaccades",2-24657_0face616-d812-4a8f-a144-3578a2669b6c,mimicking the human eye,dialect adapters,an event camera,Event cameras,microsaccades in human vision
"Unsupervised domain adaptation for monocular depth estimation has been explored to reduce reliance on large annotated datasets, but this often requires training multiple models or complex protocols. The need for a simpler and more effective approach that can operate with only source domain ground truth labels is evident, as demonstrated by the challenges faced in prior work.",unsupervised domain adaptation for monocular depth estimation,inspiration,"Background: Unsupervised domain adaptation for monocular depth estimation has been explored to reduce reliance on large annotated datasets, but this often requires training multiple models or complex protocols. The need for a simpler and more effective approach that can operate with only source domain ground truth labels is evident, as demonstrated by the challenges faced in prior work.
Contribution: 'unsupervised domain adaptation for monocular depth estimation' inspired by ",1,a consistency-based semi-supervised learning problem,1-21426_b3121182-83fe-4617-9dac-d3dd9b248130,Unsupervised Domain Adaptation methods,integrating contexts into knowledge graphs,unsupervised domain adaptation,monocular depth estimation network,contrastive learning
"Unsupervised domain adaptation for monocular depth estimation has been explored to reduce reliance on large annotated datasets, but this often requires training multiple models or complex protocols. The need for a simpler and more effective approach that can operate with only source domain ground truth labels is evident, as demonstrated by the challenges faced in prior work.",unsupervised domain adaptation for monocular depth estimation,inspiration,"Background: Unsupervised domain adaptation for monocular depth estimation has been explored to reduce reliance on large annotated datasets, but this often requires training multiple models or complex protocols. The need for a simpler and more effective approach that can operate with only source domain ground truth labels is evident, as demonstrated by the challenges faced in prior work.
Contribution: 'unsupervised domain adaptation for monocular depth estimation' inspired by ",2,a consistency-based semi-supervised learning problem,2-21426_b3121182-83fe-4617-9dac-d3dd9b248130,unsupervised domain adaptation,a Gradient Diagnostic Strategy with Data-Driven Weighting Standards (GD-DDW),Source-free Unsupervised Domain Adaptation,monocular depth estimation models,contrastive learning
"Traditional control strategies for quadrupedal robots often enforce fixed postures, which can minimize natural body movements and overlook the dynamical advantages of natural locomotion. This study addresses the need for more efficient and stable robotic locomotion by embracing the natural dynamics of quadrupedal movement, particularly in asymmetrical gaits like bounding.",quadrupedal locomotion,inspiration,"Background: Traditional control strategies for quadrupedal robots often enforce fixed postures, which can minimize natural body movements and overlook the dynamical advantages of natural locomotion. This study addresses the need for more efficient and stable robotic locomotion by embracing the natural dynamics of quadrupedal movement, particularly in asymmetrical gaits like bounding.
Contribution: 'quadrupedal locomotion' inspired by ",1,natural dynamics and underactuated robotics principles,1-22155_e5eed527-a9ac-49d1-bbe2-4f910f93b983,the natural gait transition mechanism of quadrupeds,Neural ODE Processes,devising a good gait transition strategy for quadruped robots,simulated quadrupedal robot,Cheetah locomotion
"Traditional control strategies for quadrupedal robots often enforce fixed postures, which can minimize natural body movements and overlook the dynamical advantages of natural locomotion. This study addresses the need for more efficient and stable robotic locomotion by embracing the natural dynamics of quadrupedal movement, particularly in asymmetrical gaits like bounding.",quadrupedal locomotion,inspiration,"Background: Traditional control strategies for quadrupedal robots often enforce fixed postures, which can minimize natural body movements and overlook the dynamical advantages of natural locomotion. This study addresses the need for more efficient and stable robotic locomotion by embracing the natural dynamics of quadrupedal movement, particularly in asymmetrical gaits like bounding.
Contribution: 'quadrupedal locomotion' inspired by ",2,natural dynamics and underactuated robotics principles,2-22155_e5eed527-a9ac-49d1-bbe2-4f910f93b983,"In nature, animals with exceptional locomotion abilities, such as cougars, often possess asymmetric fore and hind legs",a data transformation process,the natural gait transition mechanism of quadrupeds,dexterous quadrupedal robot,Cheetah locomotion
"Understanding how neural networks select between multiple algorithms during training is a significant challenge, particularly in the context of resource constraints that influence which solutions prevail. Additionally, there is a need to explore the dynamics of representations within neural networks to gain insights into their training processes and the interactions between different solutions.","a neural network at initialization contains many solutions (representations and algorithms), which compete with each other under pressure from resource constraints, with the ""fittest"" ultimately prevailing",inspiration,"Background: Understanding how neural networks select between multiple algorithms during training is a significant challenge, particularly in the context of resource constraints that influence which solutions prevail. Additionally, there is a need to explore the dynamics of representations within neural networks to gain insights into their training processes and the interactions between different solutions.
Contribution: 'a neural network at initialization contains many solutions (representations and algorithms), which compete with each other under pressure from resource constraints, with the ""fittest"" ultimately prevailing' inspired by ",1,"ecology: when multiple species coexist, they eventually reach an equilibrium where some survive while others die out",1-24209_23aa1c85-d38a-4787-8288-fb660e7e9dd8,"ecology: when multiple species coexist, they eventually reach an equilibrium where some survive while others die out",AI-powered content generation,"the two phase ""early-learning"" and ""memorization"" learning dynamics of deep neural networks on clean and noisy samples",Prototypical neural networks,evolutionary algorithms
"Understanding how neural networks select between multiple algorithms during training is a significant challenge, particularly in the context of resource constraints that influence which solutions prevail. Additionally, there is a need to explore the dynamics of representations within neural networks to gain insights into their training processes and the interactions between different solutions.","a neural network at initialization contains many solutions (representations and algorithms), which compete with each other under pressure from resource constraints, with the ""fittest"" ultimately prevailing",inspiration,"Background: Understanding how neural networks select between multiple algorithms during training is a significant challenge, particularly in the context of resource constraints that influence which solutions prevail. Additionally, there is a need to explore the dynamics of representations within neural networks to gain insights into their training processes and the interactions between different solutions.
Contribution: 'a neural network at initialization contains many solutions (representations and algorithms), which compete with each other under pressure from resource constraints, with the ""fittest"" ultimately prevailing' inspired by ",2,"ecology: when multiple species coexist, they eventually reach an equilibrium where some survive while others die out",2-24209_23aa1c85-d38a-4787-8288-fb660e7e9dd8,intraspecific competition driving species evolution,discrete diffusion modeling,neural models,neural models,evolutionary algorithms
"Calibrating stereo vision systems that incorporate both event and frame-based cameras remains a significant challenge. Existing methods may not adequately address the need for accurate calibration of intrinsic parameters, extrinsic parameters, and time offset in such systems.",a novel calibration pattern applicable to both camera types and the corresponding event recognition algorithm,inspiration,"Background: Calibrating stereo vision systems that incorporate both event and frame-based cameras remains a significant challenge. Existing methods may not adequately address the need for accurate calibration of intrinsic parameters, extrinsic parameters, and time offset in such systems.
Contribution: 'a novel calibration pattern applicable to both camera types and the corresponding event recognition algorithm' inspired by ",1,a spatiotemporal calibration framework for event- and frame-based cameras using continuous-time trajectories,1-14627_7058a9da-2929-4c19-91ee-257a9c398aff,a spatiotemporal calibration framework for event- and frame-based cameras using continuous-time trajectories,neural Signed Distance Fields,a spatiotemporal calibration framework for event- and frame-based cameras using continuous-time trajectories,event-based stereo disparity estimation method,bio-inspired neural networks
"Calibrating stereo vision systems that incorporate both event and frame-based cameras remains a significant challenge. Existing methods may not adequately address the need for accurate calibration of intrinsic parameters, extrinsic parameters, and time offset in such systems.",a novel calibration pattern applicable to both camera types and the corresponding event recognition algorithm,inspiration,"Background: Calibrating stereo vision systems that incorporate both event and frame-based cameras remains a significant challenge. Existing methods may not adequately address the need for accurate calibration of intrinsic parameters, extrinsic parameters, and time offset in such systems.
Contribution: 'a novel calibration pattern applicable to both camera types and the corresponding event recognition algorithm' inspired by ",2,a spatiotemporal calibration framework for event- and frame-based cameras using continuous-time trajectories,2-14627_7058a9da-2929-4c19-91ee-257a9c398aff,the problem of estimating the four degrees of freedom (4-DoF) of camera intrinsic parameters,two-stage Object Detection in computer vision,Event-based Stereo Visual Odometry,event stereo matching network,bio-inspired neural networks
"This essay explores how literary concepts can advance design theory around AI writing tools, encouraging creators to engage with past writing innovations alongside new technological possibilities. It also addresses the need for a critical perspective on the concerns writers have historically expressed, which may inform the design of contemporary writing tools.",the design of AI writing tools,inspiration,"Background: This essay explores how literary concepts can advance design theory around AI writing tools, encouraging creators to engage with past writing innovations alongside new technological possibilities. It also addresses the need for a critical perspective on the concerns writers have historically expressed, which may inform the design of contemporary writing tools.
Contribution: 'the design of AI writing tools' inspired by ",1,avant-garde literature,1-5936_f3468cee-4ab1-41fb-b44d-43eeaa5206ac,Italo Calvino's literature machines,a mask decoder,Flower and Hayes' cognitive process theory of writing,writing systems,literary theory
"This essay explores how literary concepts can advance design theory around AI writing tools, encouraging creators to engage with past writing innovations alongside new technological possibilities. It also addresses the need for a critical perspective on the concerns writers have historically expressed, which may inform the design of contemporary writing tools.",the design of AI writing tools,inspiration,"Background: This essay explores how literary concepts can advance design theory around AI writing tools, encouraging creators to engage with past writing innovations alongside new technological possibilities. It also addresses the need for a critical perspective on the concerns writers have historically expressed, which may inform the design of contemporary writing tools.
Contribution: 'the design of AI writing tools' inspired by ",2,avant-garde literature,2-5936_f3468cee-4ab1-41fb-b44d-43eeaa5206ac,"magnetic poetry, which was originally designed to help overcome writer's block",CNNs,a human-written document,writing system,literary theory
The challenge of selectively retaining memories of permanent elements while managing the frequent changes of ephemeral objects in robotic perception necessitates a method that can effectively decompose environments from transient elements. This need for robust environmental mapping and object segmentation in a self-supervised manner highlights a gap in existing approaches that often require human intervention or struggle with consistency across multiple traversals.,multitraverse environmental mapping,inspiration,"Background: The challenge of selectively retaining memories of permanent elements while managing the frequent changes of ephemeral objects in robotic perception necessitates a method that can effectively decompose environments from transient elements. This need for robust environmental mapping and object segmentation in a self-supervised manner highlights a gap in existing approaches that often require human intervention or struggle with consistency across multiple traversals.
Contribution: 'multitraverse environmental mapping' inspired by ",1,a robust differentiable rendering problem,1-35022_5059c58b-dd0b-40ff-8549-e9625242899d,"a method which lifts partial 2D observations to 3D world coordinates, matches them over time using visual appearance, 3D location and interactions to form object tracks, and keeps these object tracks even when they go out-of-view of the camera - hence keeping in mind what is out of sight","the theory of the Schr""odinger bridge",semantic information of objects detected in the environment,mapping of unfamiliar environments,biological neural networks
The challenge of selectively retaining memories of permanent elements while managing the frequent changes of ephemeral objects in robotic perception necessitates a method that can effectively decompose environments from transient elements. This need for robust environmental mapping and object segmentation in a self-supervised manner highlights a gap in existing approaches that often require human intervention or struggle with consistency across multiple traversals.,multitraverse environmental mapping,inspiration,"Background: The challenge of selectively retaining memories of permanent elements while managing the frequent changes of ephemeral objects in robotic perception necessitates a method that can effectively decompose environments from transient elements. This need for robust environmental mapping and object segmentation in a self-supervised manner highlights a gap in existing approaches that often require human intervention or struggle with consistency across multiple traversals.
Contribution: 'multitraverse environmental mapping' inspired by ",2,a robust differentiable rendering problem,2-35022_5059c58b-dd0b-40ff-8549-e9625242899d,"Humans localize themselves efficiently in known environments by first recognizing landmarks defined on certain objects and their spatial relationships, and then verifying the location by aligning detailed structures of recognized objects with those in the memory",camouflage object detection techniques,segmentation maps or bounding boxes as extra localization priors,environment recognition,biological neural networks
"The significant amount of training experience necessary to learn effective policies in Deep Reinforcement Learning remains a primary concern, both in simulated and real environments. Additionally, existing methods often require a supervisory agent mask, which limits their applicability and efficiency in learning from fewer trials, similar to human skill acquisition.",Deep Reinforcement Learning,inspiration,"Background: The significant amount of training experience necessary to learn effective policies in Deep Reinforcement Learning remains a primary concern, both in simulated and real environments. Additionally, existing methods often require a supervisory agent mask, which limits their applicability and efficiency in learning from fewer trials, similar to human skill acquisition.
Contribution: 'Deep Reinforcement Learning' inspired by ",1,"humans can perfect a new skill from a very small number of trials and in most cases do so without a supervisory signal, making neuroscientific studies of human development a valuable source of inspiration for Reinforcement Learning",1-13785_2116faf2-c9f6-4adb-92a1-cf383ca7882b,"humans can perfect a new skill from a very small number of trials and in most cases do so without a supervisory signal, making neuroscientific studies of human development a valuable source of inspiration for Reinforcement Learning",alignment in tuning large language models,deep reinforcement learning controller,neural policies,human cognitive learning
"The significant amount of training experience necessary to learn effective policies in Deep Reinforcement Learning remains a primary concern, both in simulated and real environments. Additionally, existing methods often require a supervisory agent mask, which limits their applicability and efficiency in learning from fewer trials, similar to human skill acquisition.",Deep Reinforcement Learning,inspiration,"Background: The significant amount of training experience necessary to learn effective policies in Deep Reinforcement Learning remains a primary concern, both in simulated and real environments. Additionally, existing methods often require a supervisory agent mask, which limits their applicability and efficiency in learning from fewer trials, similar to human skill acquisition.
Contribution: 'Deep Reinforcement Learning' inspired by ",2,"humans can perfect a new skill from a very small number of trials and in most cases do so without a supervisory signal, making neuroscientific studies of human development a valuable source of inspiration for Reinforcement Learning",2-13785_2116faf2-c9f6-4adb-92a1-cf383ca7882b,humans can often generalizably learn from a small number of demonstrations by incorporating strong priors about what features of a demonstration are likely meaningful for a task of interest,instantiate it in a comprehensive study of scientific paper assessment in the biomedical domain,the Deep Deterministic Policy Gradient algorithm,Deep Reinforcement Learning,human cognitive learning
The need for customized text-to-image models that cater to diverse user groups and specific functionalities presents a challenge in efficiently adapting existing models without the requirement for retraining. This highlights a gap in current methodologies that limits the ability to offer tailored solutions in the rapidly evolving landscape of text-to-image generation.,text-to-image models,inspiration,"Background: The need for customized text-to-image models that cater to diverse user groups and specific functionalities presents a challenge in efficiently adapting existing models without the requirement for retraining. This highlights a gap in current methodologies that limits the ability to offer tailored solutions in the rapidly evolving landscape of text-to-image generation.
Contribution: 'text-to-image models' inspired by ",1,the software industry's practice of offering different editions or versions of a product tailored to specific user groups or use cases,1-7935_5168cac0-e774-449e-9c8e-747ec57ab70e,inspiration from the recent advancement in visual and language generative models,Collaborative Attention,text-to-image generation models,text-to-image generation,modular neural networks
The need for customized text-to-image models that cater to diverse user groups and specific functionalities presents a challenge in efficiently adapting existing models without the requirement for retraining. This highlights a gap in current methodologies that limits the ability to offer tailored solutions in the rapidly evolving landscape of text-to-image generation.,text-to-image models,inspiration,"Background: The need for customized text-to-image models that cater to diverse user groups and specific functionalities presents a challenge in efficiently adapting existing models without the requirement for retraining. This highlights a gap in current methodologies that limits the ability to offer tailored solutions in the rapidly evolving landscape of text-to-image generation.
Contribution: 'text-to-image models' inspired by ",2,the software industry's practice of offering different editions or versions of a product tailored to specific user groups or use cases,2-7935_5168cac0-e774-449e-9c8e-747ec57ab70e,the success of deep generative models and fine-tuning techniques,"a binary token index that allows for quick and cost-effective setup, resembling traditional term-based retrieval",recent advancements in text-to-image generative models,text-to-image generative models,modular neural networks
"The study addresses the bottleneck often encountered in the analog ICs layout phase, highlighting the need for efficient solutions in the floorplanning problem. Existing methods may not adequately meet the established topological constraints, necessitating innovative approaches to improve the layout generation process and reduce runtimes compared to manual efforts.",the floorplanning problem,inspiration,"Background: The study addresses the bottleneck often encountered in the analog ICs layout phase, highlighting the need for efficient solutions in the floorplanning problem. Existing methods may not adequately meet the established topological constraints, necessitating innovative approaches to improve the layout generation process and reduce runtimes compared to manual efforts.
Contribution: 'the floorplanning problem' inspired by ",1,a Markov Decision Process,1-273_198dc48c-16bb-49bd-9a45-002624cb6c64,space layout planning,counterfactual analysis,space layout planning,graph-constrained architectural layout generation tasks,genetic algorithms
"The study addresses the bottleneck often encountered in the analog ICs layout phase, highlighting the need for efficient solutions in the floorplanning problem. Existing methods may not adequately meet the established topological constraints, necessitating innovative approaches to improve the layout generation process and reduce runtimes compared to manual efforts.",the floorplanning problem,inspiration,"Background: The study addresses the bottleneck often encountered in the analog ICs layout phase, highlighting the need for efficient solutions in the floorplanning problem. Existing methods may not adequately meet the established topological constraints, necessitating innovative approaches to improve the layout generation process and reduce runtimes compared to manual efforts.
Contribution: 'the floorplanning problem' inspired by ",2,a Markov Decision Process,2-273_198dc48c-16bb-49bd-9a45-002624cb6c64,a quadratic assignment problem that incorporates these four costs,Frequency Spatial Network (FS-Net),a circle-based layout optimization problem,collision-aware layout optimization process,genetic algorithms
