context,anchor,relation,query,k,positive,id,random,mpnet_zero,sciIE,gpt-4o,ours
"When there are discrepancies in agent capabilities, such as divergent actuator power or joint angle constraints, naively replicating demonstrations can limit efficient learning for the Student agents. This highlights the need for a framework that can effectively address the challenge of heterogeneity between Teacher and Student agents to improve learning outcomes in control tasks within sparse-reward environments.",enable the Teacher to detect and adapt to differences between itself and the Student,inspiration,"Background: When there are discrepancies in agent capabilities, such as divergent actuator power or joint angle constraints, naively replicating demonstrations can limit efficient learning for the Student agents. This highlights the need for a framework that can effectively address the challenge of heterogeneity between Teacher and Student agents to improve learning outcomes in control tasks within sparse-reward environments.
Contribution: 'enable the Teacher to detect and adapt to differences between itself and the Student' inspired by ",1,"the concept of ""surprise""",1-11544_39f45f1e-9368-469c-ad24-c473ec517ec0,Contextual Text Block Detection,humans can often generalizably learn from a small number of demonstrations by incorporating strong priors about what features of a demonstration are likely meaningful for a task of interest,Learning from Human Demonstrations (LfD),transfer learning,humans can often generalizably learn from a small number of demonstrations by incorporating strong priors about what features of a demonstration are likely meaningful for a task of interest
"The integration of large language models (LLMs) into knowledge-based question answering (KBQA) presents challenges due to their high costs and lack of domain-specific knowledge during pre-training. Additionally, optimizing for both accuracy and cost in model selection is complex, as different models excel in various knowledge areas, making it laborious to determine the best fit for specific tasks.",Knowledge-based question answering,inspiration,"Background: The integration of large language models (LLMs) into knowledge-based question answering (KBQA) presents challenges due to their high costs and lack of domain-specific knowledge during pre-training. Additionally, optimizing for both accuracy and cost in model selection is complex, as different models excel in various knowledge areas, making it laborious to determine the best fit for specific tasks.
Contribution: 'Knowledge-based question answering' inspired by ",1,a tailored multi-armed bandit problem,1-977_358fa109-4aca-410a-adda-73a2ed2866ef,textual information for object detection,improve the reasoning capabilities of Large Language Models,knowledge-grounded question answering,hybrid models combining LLMs with symbolic reasoning,a multi-choice question-answering task
"Calibrating stereo vision systems that incorporate both event and frame-based cameras remains a significant challenge. Existing methods may not adequately address the need for accurate calibration of intrinsic parameters, extrinsic parameters, and time offset in such systems.",a novel calibration pattern applicable to both camera types and the corresponding event recognition algorithm,inspiration,"Background: Calibrating stereo vision systems that incorporate both event and frame-based cameras remains a significant challenge. Existing methods may not adequately address the need for accurate calibration of intrinsic parameters, extrinsic parameters, and time offset in such systems.
Contribution: 'a novel calibration pattern applicable to both camera types and the corresponding event recognition algorithm' inspired by ",2,a spatiotemporal calibration framework for event- and frame-based cameras using continuous-time trajectories,2-14627_88fdef37-caa6-4c5f-b171-5ad7f3a4b512,Simultaneous Localization and Mapping,Event-based Stereo Visual Odometry,event stereo matching network,biological visual systems,an event-based dense correspondence matching problem
"Large Language Models (LLMs) face challenges due to their overreliance on potentially flawed parametric knowledge, leading to hallucinations and inaccuracies, especially with long-tail, domain-specific queries. Additionally, the presence of noisy and irrelevant information in retrieved long-context documents can dilute LLMs' attention, highlighting the need for improved methods to enhance their contextual awareness and robustness.",improve the robustness and contextual awareness of Large Language Models,inspiration,"Background: Large Language Models (LLMs) face challenges due to their overreliance on potentially flawed parametric knowledge, leading to hallucinations and inaccuracies, especially with long-tail, domain-specific queries. Additionally, the presence of noisy and irrelevant information in retrieved long-context documents can dilute LLMs' attention, highlighting the need for improved methods to enhance their contextual awareness and robustness.
Contribution: 'improve the robustness and contextual awareness of Large Language Models' inspired by ",2,the supportive role of essential concepts in individuals' reading comprehension,2-30440_f6e4517a-c74e-4884-92e4-b6df15fcb40b,temporal convolutional or multilayer perceptron features,state-of-the-art Large Language Models,large language model (LLM),human cognitive processes,the generator-verifier approach in Large Language Models
"Existing methods for controlled paraphrase generation often require detailed parse trees or syntactic exemplars, which do not align with human-like paraphrasing behavior. Additionally, there is an inference gap where control specifications are only available during training, limiting the model's ability to operate effectively during inference.",user intent,inspiration,"Background: Existing methods for controlled paraphrase generation often require detailed parse trees or syntactic exemplars, which do not align with human-like paraphrasing behavior. Additionally, there is an inference gap where control specifications are only available during training, limiting the model's ability to operate effectively during inference.
Contribution: 'user intent' inspired by ",2,"action tokens, embedding and concatenating them with text embeddings, thus flowing together into a self-attention encoder for representation fusion",2-31210_17837f1a-230e-45c4-bd83-f4394a1c55b6,policy network,Natural Language Inference models,``paraphrasing'',natural language processing techniques,a text generation objective
"Anomaly detection in chest X-rays is critical, yet existing methods primarily focus on modeling the distribution of normal images, which may not effectively address the discrepancies between pre-training data and task-specific data. This highlights a need for improved techniques that can adapt to the unique characteristics of chest X-ray images for better anomaly detection performance.","CLIP-based methods, pre-trained on a large number of medical images, have shown impressive performance on zero/few-shot downstream tasks",inspiration,"Background: Anomaly detection in chest X-rays is critical, yet existing methods primarily focus on modeling the distribution of normal images, which may not effectively address the discrepancies between pre-training data and task-specific data. This highlights a need for improved techniques that can adapt to the unique characteristics of chest X-ray images for better anomaly detection performance.
Contribution: 'CLIP-based methods, pre-trained on a large number of medical images, have shown impressive performance on zero/few-shot downstream tasks' inspired by ",2,experts diagnose chest X-rays by carefully examining distinct lung regions,2-31616_63f9b49e-6100-491f-8595-e0e19a54e49f,the hemodynamic response function,unsupervised anomaly detection in medical imaging,chest X-ray datasets,Contrastive learning,CLIP's zero-shot classification
"The use of large language models (LLMs) in customer support applications is challenged by their tendency to hallucinate, which complicates their practical implementation. This necessitates a new approach to effectively leverage LLMs while mitigating their limitations in generating reliable responses.",the language modeling task,inspiration,"Background: The use of large language models (LLMs) in customer support applications is challenged by their tendency to hallucinate, which complicates their practical implementation. This necessitates a new approach to effectively leverage LLMs while mitigating their limitations in generating reliable responses.
Contribution: 'the language modeling task' inspired by ",2,a discriminative classification task,2-17133_f28a22ed-aa09-406d-8f6e-e9c33da21483,the data collection process,a large language model planning module,Large Language Models (LLMs)-based Web agents,human conversation patterns,a sort of question-answering problem
"Few-shot segmentation faces challenges due to the limitations of labeling information for unseen classes, as previous approaches often rely on high-level feature maps that exhibit coarse granularity and category bias, leading to poor generalization. This highlights a need for more reliable guidance mechanisms that can enhance model generalization in the context of few-shot learning.",few-shot segmentation,inspiration,"Background: Few-shot segmentation faces challenges due to the limitations of labeling information for unseen classes, as previous approaches often rely on high-level feature maps that exhibit coarse granularity and category bias, leading to poor generalization. This highlights a need for more reliable guidance mechanisms that can enhance model generalization in the context of few-shot learning.
Contribution: 'few-shot segmentation' inspired by ",2,the visual-text alignment capacity,2-35062_c20de314-9932-44f2-861b-2048712e12b5,an explanation generation process of the model's veracity prediction,few-shot segmentation techniques,Zero-shot Segmentation,meta-learning techniques,the success of Segment Anything Model across various downstream tasks
"The study addresses the need for effective discernment of foreground from background information in instance segmentation tasks, which requires capturing critical spatial and temporal information. Additionally, it highlights the potential of leveraging generative pretext learning to enhance scene analysis and segmentation in computer vision applications.",video prediction models as general visual encoders,inspiration,"Background: The study addresses the need for effective discernment of foreground from background information in instance segmentation tasks, which requires capturing critical spatial and temporal information. Additionally, it highlights the potential of leveraging generative pretext learning to enhance scene analysis and segmentation in computer vision applications.
Contribution: 'video prediction models as general visual encoders' inspired by ",2,"human vision studies, particularly Gestalts principle of common fate",2-15546_5aed97af-5c52-4262-8b62-39e379d87112,state-of-the-art methods in end-user programming,future instance segmentation and instance motion prediction,video instance segmentation (VIS),self-supervised learning,spatiotemporal slices of natural videos exhibit similar characteristics to natural images
"Traditional control strategies for quadrupedal robots often enforce fixed postures, which can minimize natural body movements and overlook the dynamical advantages of natural locomotion. This study addresses the need for more efficient and stable robotic locomotion by embracing the natural dynamics of quadrupedal movement, particularly in asymmetrical gaits like bounding.",quadrupedal locomotion,inspiration,"Background: Traditional control strategies for quadrupedal robots often enforce fixed postures, which can minimize natural body movements and overlook the dynamical advantages of natural locomotion. This study addresses the need for more efficient and stable robotic locomotion by embracing the natural dynamics of quadrupedal movement, particularly in asymmetrical gaits like bounding.
Contribution: 'quadrupedal locomotion' inspired by ",1,natural dynamics and underactuated robotics principles,1-22155_80861036-843f-4acf-8dd8-eeca31242c9e,off-the-shelf embedding models,devising a good gait transition strategy for quadruped robots,simulated quadrupedal robot,Cheetah locomotion,the natural gait transition mechanism of quadrupeds
